id,first_name,last_name,email,gender,ip_address
1,Hunter,Vasyutin,hvasyutin0@wp.com,Male,138.81.96.167
2,Hollyanne,Winton,hwinton1@reddit.com,Female,156.14.197.174
3,Cyrille,Gisborne,cgisborne2@furl.net,Male,230.178.90.125
4,Red,Hairsine,rhairsine3@geocities.jp,Male,121.117.178.165
5,Roanna,Strathe,rstrathe4@google.co.uk,Female,5.183.55.222
6,Lilla,Caplis,lcaplis5@nytimes.com,Female,232.33.42.174
7,Trefor,Dand,tdand6@discuz.net,Male,254.77.154.132
8,Edgard,Timson,etimson7@goodreads.com,Male,154.210.190.161
9,Ryan,Debill,rdebill8@xing.com,Male,192.89.134.251
10,Gabie,Menat,gmenat9@scientificamerican.com,Female,193.181.108.213
11,Ezechiel,Larham,elarhama@skype.com,Male,48.59.251.9
12,Ahmad,Titheridge,atitheridgeb@dyndns.org,Male,38.108.30.76
13,Etan,Daniel,edanielc@mlb.com,Male,193.221.174.226
14,Ruthanne,McGown,rmcgownd@meetup.com,Polygender,121.239.243.27
15,Evelyn,Farthin,efarthine@nhs.uk,Female,30.144.207.122
16,Louie,Glavis,lglavisf@eventbrite.com,Male,168.149.84.132
17,Brigit,Ingleby,binglebyg@census.gov,Genderfluid,249.163.56.3
18,Todd,Arnow,tarnowh@aboutads.info,Male,20.204.21.132
19,Madeleine,De Giorgio,mdegiorgioi@domainmarket.com,Female,23.73.44.104
20,Charlotta,Horley,chorleyj@trellian.com,Female,136.26.53.140
21,Kipp,Moizer,kmoizerk@youku.com,Female,204.116.202.101
22,Krysta,Geake,kgeakel@google.pl,Female,18.1.123.92
23,Claudette,Sarch,csarchm@newyorker.com,Female,147.59.91.205
24,Mayor,Montford,mmontfordn@prlog.org,Male,136.221.76.40
25,Keary,Halleybone,khalleyboneo@whitehouse.gov,Male,37.136.129.112
26,Dede,Swift,dswiftp@moonfruit.com,Female,235.19.123.25
27,Suzi,Hazelgreave,shazelgreaveq@princeton.edu,Genderqueer,104.64.83.30
28,Mady,Ateggart,mateggartr@reuters.com,Female,136.110.93.119
29,Leila,Graeber,lgraebers@sciencedaily.com,Female,156.184.152.31
30,Kay,Possel,kposselt@oakley.com,Female,184.42.162.130
31,Cori,Trunchion,ctrunchionu@samsung.com,Female,115.54.135.194
32,Justin,Ickowicz,jickowiczv@marketwatch.com,Male,23.125.43.93
33,Debby,Pashen,dpashenw@homestead.com,Female,180.120.63.171
34,Trisha,Ledgerton,tledgertonx@statcounter.com,Female,40.167.21.115
35,Bethanne,Reihm,breihmy@jalbum.net,Female,38.195.13.103
36,Stephanus,Fintoph,sfintophz@uiuc.edu,Male,46.242.98.145
37,Damon,Cisar,dcisar10@moonfruit.com,Male,254.251.250.139
38,Petronella,Pengelly,ppengelly11@senate.gov,Female,226.167.231.245
39,Dionne,Petrasek,dpetrasek12@nationalgeographic.com,Female,120.210.165.32
40,Romeo,Wooddisse,rwooddisse13@t-online.de,Male,226.100.76.92
41,Mord,Elliss,melliss14@tiny.cc,Male,147.29.27.80
42,Bari,Matthias,bmatthias15@mashable.com,Female,140.10.229.66
43,Brucie,Tootal,btootal16@webs.com,Male,224.147.5.211
44,Lamond,Dunkley,ldunkley17@homestead.com,Male,73.107.61.122
45,Nessi,Coales,ncoales18@ca.gov,Female,111.198.67.128
46,Kinsley,Dinnington,kdinnington19@fastcompany.com,Male,96.149.191.67
47,Worth,Lehr,wlehr1a@nyu.edu,Male,46.176.176.173
48,Lammond,Brummitt,lbrummitt1b@harvard.edu,Male,101.18.210.124
49,Harli,Bole,hbole1c@bing.com,Female,84.6.143.253
50,Nonna,Possell,npossell1d@oakley.com,Female,227.117.161.174
51,Layton,Varnham,lvarnham1e@ibm.com,Male,151.143.43.255
52,Tommie,Fredson,tfredson1f@posterous.com,Female,181.241.239.81
53,Andriana,Ayree,aayree1g@cpanel.net,Female,6.241.140.99
54,Juana,Leale,jleale1h@amazon.de,Female,117.17.191.217
55,Levy,Rickerby,lrickerby1i@edublogs.org,Male,128.173.83.81
56,Raffaello,Midson,rmidson1j@usa.gov,Male,172.65.55.177
57,Rossy,Wallace,rwallace1k@marketwatch.com,Male,212.46.106.34
58,Annette,Shafier,ashafier1l@sakura.ne.jp,Female,102.220.36.74
59,Nickolas,Stallen,nstallen1m@google.pl,Male,220.204.142.87
60,Edie,Hallum,ehallum1n@webs.com,Female,28.210.60.234
61,Rozamond,McCrae,rmccrae1o@xrea.com,Female,47.19.251.50
62,Deane,Pavlovsky,dpavlovsky1p@usa.gov,Male,234.7.242.177
63,Tremaine,Saffell,tsaffell1q@wiley.com,Male,246.244.15.99
64,Archer,Whawell,awhawell1r@google.de,Male,235.233.56.71
65,Alick,Coltart,acoltart1s@tumblr.com,Genderqueer,4.214.106.113
66,Chadd,Mackneis,cmackneis1t@cargocollective.com,Male,163.234.159.191
67,Lucila,Clowser,lclowser1u@reuters.com,Female,8.142.161.80
68,Yulma,Burnyeat,yburnyeat1v@msn.com,Male,185.224.37.119
69,Traver,Corradini,tcorradini1w@google.it,Male,213.119.64.91
70,Keary,Coleiro,kcoleiro1x@marriott.com,Male,135.150.147.138
71,Berne,Huckle,bhuckle1y@google.com.br,Male,54.148.237.38
72,Ayn,Denniston,adenniston1z@noaa.gov,Female,0.144.35.195
73,Stanley,Attrey,sattrey20@mlb.com,Male,85.162.223.71
74,Shalom,Sember,ssember21@adobe.com,Male,125.244.2.229
75,Eulalie,Legendre,elegendre22@smugmug.com,Bigender,66.150.31.162
76,Evvy,Ilett,eilett23@foxnews.com,Female,115.141.237.95
77,Keene,Christopher,kchristopher24@bluehost.com,Male,54.190.94.23
78,Waring,Benjamin,wbenjamin25@weather.com,Male,171.86.42.4
79,Quent,Cockings,qcockings26@usatoday.com,Male,111.106.210.15
80,Siouxie,Louca,slouca27@g.co,Female,47.19.51.144
81,Eulalie,McCrossan,emccrossan28@springer.com,Female,81.157.133.250
82,Heida,Fuxman,hfuxman29@mtv.com,Female,148.112.50.14
83,Kaleb,Halvorsen,khalvorsen2a@amazon.de,Male,104.110.138.231
84,Jenifer,Wippermann,jwippermann2b@chronoengine.com,Agender,223.89.124.234
85,Sonya,Phil,sphil2c@deliciousdays.com,Female,38.210.69.109
86,Tann,De la croix,tdelacroix2d@go.com,Male,150.45.85.66
87,Burnard,Ewart,bewart2e@mapquest.com,Male,71.27.155.233
88,Adriena,McLugish,amclugish2f@washington.edu,Female,98.128.212.159
89,Clayborne,Tipple,ctipple2g@jugem.jp,Male,235.12.211.97
90,Cecilio,Eckhard,ceckhard2h@prlog.org,Male,214.228.28.180
91,Leon,Dudin,ldudin2i@prnewswire.com,Male,45.29.171.88
92,Shelby,Collumbell,scollumbell2j@fastcompany.com,Female,47.255.213.220
93,Ashien,Cutriss,acutriss2k@imdb.com,Female,184.16.65.30
94,Walton,de Cullip,wdecullip2l@omniture.com,Male,138.135.69.139
95,Bidget,Boswell,bboswell2m@netscape.com,Female,164.19.188.69
96,Pincas,Lauder,plauder2n@elpais.com,Male,241.166.204.73
97,Boyce,Goodrick,bgoodrick2o@hibu.com,Male,43.143.77.13
98,Enrico,Mattimoe,emattimoe2p@epa.gov,Male,102.156.195.45
99,Wylma,Craigs,wcraigs2q@house.gov,Female,179.151.121.94
100,Rhona,Thunders,rthunders2r@noaa.gov,Agender,69.254.101.62
101,Maryrose,Scholer,mscholer2s@usatoday.com,Female,145.91.210.240
102,Melli,Merriman,mmerriman2t@rakuten.co.jp,Female,227.149.241.38
103,Calvin,Londsdale,clondsdale2u@ucoz.com,Male,72.51.55.173
104,Currey,Quilkin,cquilkin2v@goo.ne.jp,Male,42.121.47.138
105,Son,Pauler,spauler2w@cafepress.com,Male,236.223.238.16
106,Meggie,Brammer,mbrammer2x@example.com,Female,104.3.154.244
107,Janek,Grigorian,jgrigorian2y@yale.edu,Male,13.102.180.33
108,Cindee,Folder,cfolder2z@mac.com,Female,166.118.71.180
109,Crawford,Jimmison,cjimmison30@nature.com,Male,227.45.242.116
110,Moyna,Pleven,mpleven31@technorati.com,Female,172.182.229.232
111,Urbano,Wateridge,uwateridge32@chicagotribune.com,Male,19.136.37.178
112,Hester,Roddam,hroddam33@gizmodo.com,Female,238.91.13.152
113,Arny,Etheredge,aetheredge34@uiuc.edu,Male,190.16.34.83
114,Shayne,Philippe,sphilippe35@nydailynews.com,Female,1.42.119.175
115,Karin,Hiscoe,khiscoe36@prlog.org,Female,179.240.98.106
116,Agnella,Dobrovolny,adobrovolny37@ft.com,Female,40.122.9.164
117,Elbert,Howsden,ehowsden38@illinois.edu,Male,153.9.65.42
118,Dennie,Headland,dheadland39@bravesites.com,Female,122.197.24.141
119,Clevey,Ballam,cballam3a@sun.com,Agender,118.142.252.119
120,Florina,Sibbe,fsibbe3b@google.it,Female,157.22.11.141
121,Tilda,Mushart,tmushart3c@irs.gov,Female,250.225.124.23
122,Larry,Elsy,lelsy3d@illinois.edu,Male,85.227.66.144
123,Libbi,Farrell,lfarrell3e@census.gov,Female,246.145.184.250
124,Mikol,Hughman,mhughman3f@yandex.ru,Male,110.227.238.38
125,Bill,Wrey,bwrey3g@craigslist.org,Male,178.41.21.222
126,Jorgan,Vassman,jvassman3h@newyorker.com,Polygender,74.59.50.239
127,Tanitansy,Gurrado,tgurrado3i@shutterfly.com,Female,157.13.14.219
128,Bibby,Radclyffe,bradclyffe3j@merriam-webster.com,Female,132.101.244.208
129,Benny,Pinshon,bpinshon3k@flavors.me,Female,22.243.141.90
130,Hale,Marie,hmarie3l@nasa.gov,Male,203.251.219.252
131,Wren,Pecht,wpecht3m@apache.org,Female,12.111.171.80
132,Pip,Broomer,pbroomer3n@imdb.com,Male,63.198.199.191
133,Marilin,Eagleston,meagleston3o@cisco.com,Female,109.32.232.179
134,Lonee,Rollett,lrollett3p@va.gov,Female,126.45.68.238
135,Carita,Prandoni,cprandoni3q@arstechnica.com,Female,90.197.253.202
136,Lilian,Swindley,lswindley3r@umn.edu,Female,117.87.2.47
137,Robbi,Ceaser,rceaser3s@netlog.com,Female,247.114.47.164
138,Shirlee,Aime,saime3t@adobe.com,Female,19.24.233.192
139,Virgie,Rowbotham,vrowbotham3u@gravatar.com,Female,69.234.97.235
140,Christean,Nys,cnys3v@ebay.com,Female,168.79.9.129
141,Ches,Whytock,cwhytock3w@multiply.com,Male,127.180.87.56
142,Minette,Brand-Hardy,mbrandhardy3x@twitter.com,Female,126.10.147.245
143,Jorey,Faithorn,jfaithorn3y@hibu.com,Female,209.96.76.169
144,Jaimie,Goldson,jgoldson3z@odnoklassniki.ru,Female,1.52.234.50
145,Rafaelia,Tsarovic,rtsarovic40@ebay.co.uk,Non-binary,235.209.122.199
146,Gratiana,Everson,geverson41@princeton.edu,Agender,45.71.194.39
147,Melisa,Mitchall,mmitchall42@meetup.com,Female,0.119.201.254
148,Sheilah,Seaman,sseaman43@cpanel.net,Female,81.190.221.44
149,Hasty,MacDonogh,hmacdonogh44@netlog.com,Male,120.46.224.154
150,Ulberto,Pretsel,upretsel45@artisteer.com,Male,53.15.55.20
151,Gwendolyn,Looby,glooby46@google.pl,Female,43.162.129.62
152,Iago,Dellow,idellow47@google.com.au,Male,202.175.251.161
153,Terry,Bools,tbools48@fc2.com,Female,138.182.125.120
154,Isaak,Gergus,igergus49@jigsy.com,Male,126.129.21.85
155,Horton,Mineghelli,hmineghelli4a@vinaora.com,Male,10.18.100.191
156,Sascha,McPhee,smcphee4b@netlog.com,Female,107.128.30.153
157,Betty,MacAlroy,bmacalroy4c@ibm.com,Female,240.149.88.64
158,Calv,Enion,cenion4d@engadget.com,Male,90.180.100.193
159,Nichole,Sapson,nsapson4e@storify.com,Male,167.129.32.189
160,Michaella,Penquet,mpenquet4f@paypal.com,Female,222.2.133.85
161,Chaim,Shottin,cshottin4g@paypal.com,Genderfluid,184.155.58.153
162,Nevins,Kinnock,nkinnock4h@blogspot.com,Male,193.134.190.116
163,Mirelle,Westhoff,mwesthoff4i@webmd.com,Female,114.46.241.20
164,Carling,Zannetti,czannetti4j@usgs.gov,Male,245.171.20.26
165,Vicki,De Fraine,vdefraine4k@cyberchimps.com,Female,142.220.236.112
166,Flemming,Stiggles,fstiggles4l@toplist.cz,Male,161.156.170.57
167,Gibby,Gentile,ggentile4m@google.pl,Non-binary,146.79.164.15
168,Sharona,Stockau,sstockau4n@scribd.com,Genderqueer,116.228.251.61
169,Viola,Brompton,vbrompton4o@networksolutions.com,Female,140.168.189.79
170,Jeanna,Longmate,jlongmate4p@istockphoto.com,Female,65.160.109.86
171,Allyce,Capron,acapron4q@columbia.edu,Female,72.220.189.244
172,Heidie,Blood,hblood4r@blogger.com,Female,72.172.118.139
173,Eveleen,Station,estation4s@google.ru,Female,210.104.215.55
174,Eziechiele,Dunhill,edunhill4t@trellian.com,Male,98.142.181.130
175,Katharina,Coope,kcoope4u@marketwatch.com,Female,121.167.91.173
176,Izzy,Barnfield,ibarnfield4v@wufoo.com,Male,32.79.114.88
177,Ron,Gurnell,rgurnell4w@exblog.jp,Male,169.130.232.147
178,Emelda,Richford,erichford4x@lycos.com,Female,140.107.154.34
179,Whitaker,Nossent,wnossent4y@nhs.uk,Male,22.242.180.178
180,Brendis,Dronsfield,bdronsfield4z@soup.io,Male,17.4.213.18
181,Esteban,Elfes,eelfes50@apple.com,Male,142.198.11.77
182,Doyle,Poulsum,dpoulsum51@addthis.com,Male,161.199.51.146
183,Ondrea,Fergyson,ofergyson52@theglobeandmail.com,Female,66.124.217.169
184,Ingram,Beumant,ibeumant53@myspace.com,Male,181.165.240.93
185,Mahmud,Tremmil,mtremmil54@drupal.org,Male,64.214.63.52
186,Ruby,Prahl,rprahl55@posterous.com,Male,58.30.201.102
187,Giana,Kidsley,gkidsley56@domainmarket.com,Female,224.32.56.134
188,Perkin,Rickis,prickis57@privacy.gov.au,Male,40.158.111.197
189,Verge,Stubbin,vstubbin58@nih.gov,Male,6.164.206.63
190,Carlie,Peek,cpeek59@shutterfly.com,Female,135.237.226.171
191,Gene,Dohmann,gdohmann5a@umich.edu,Female,45.217.169.184
192,Yevette,O'Mahoney,yomahoney5b@elpais.com,Female,95.89.199.105
193,Shaylynn,De Banke,sdebanke5c@disqus.com,Female,242.143.34.105
194,Elden,Shelvey,eshelvey5d@google.com,Bigender,28.99.106.192
195,Gustie,Samme,gsamme5e@networksolutions.com,Polygender,215.153.233.106
196,Kesley,Toor,ktoor5f@cmu.edu,Female,198.100.4.40
197,Carmine,Raeburn,craeburn5g@furl.net,Female,105.13.194.132
198,Stan,Absolom,sabsolom5h@shareasale.com,Male,254.154.55.7
199,Bary,Whiskerd,bwhiskerd5i@businessinsider.com,Male,93.33.26.76
200,Alberik,Larn,alarn5j@alexa.com,Male,49.60.121.158
201,Marleah,Drewitt,mdrewitt5k@cloudflare.com,Female,227.191.9.219
202,Ruperta,Feehely,rfeehely5l@furl.net,Female,146.125.27.143
203,Bordie,Stokoe,bstokoe5m@liveinternet.ru,Male,182.138.81.80
204,My,Chicchelli,mchicchelli5n@slashdot.org,Male,250.39.248.68
205,Chrotoem,Maulin,cmaulin5o@mit.edu,Male,171.180.97.163
206,Alanson,Crompton,acrompton5p@nasa.gov,Male,112.64.252.71
207,Rea,Lornsen,rlornsen5q@a8.net,Female,75.143.164.204
208,Durant,Arnley,darnley5r@constantcontact.com,Male,95.241.39.147
209,Andrus,Paddington,apaddington5s@myspace.com,Non-binary,198.161.218.152
210,Fulvia,Brickell,fbrickell5t@about.me,Female,167.50.93.234
211,Nola,Daniell,ndaniell5u@zimbio.com,Female,107.3.93.180
212,Clementine,Adrianello,cadrianello5v@linkedin.com,Female,178.184.217.137
213,Eachelle,Burnand,eburnand5w@archive.org,Female,79.94.2.251
214,Candra,Martynov,cmartynov5x@hatena.ne.jp,Female,204.152.58.208
215,Lynnet,Pullinger,lpullinger5y@blogspot.com,Female,216.18.242.165
216,Caryl,MacNockater,cmacnockater5z@yahoo.co.jp,Male,189.38.181.113
217,Rube,Sawbridge,rsawbridge60@surveymonkey.com,Male,88.147.9.138
218,Chloris,Pellant,cpellant61@amazon.co.jp,Female,247.148.197.247
219,Saxon,Theunissen,stheunissen62@usatoday.com,Male,19.146.50.17
220,Coral,Sentance,csentance63@t.co,Genderqueer,191.78.88.208
221,Esther,Gatman,egatman64@microsoft.com,Female,44.106.70.172
222,Connor,Shucksmith,cshucksmith65@phpbb.com,Male,25.135.63.159
223,Marys,MacNish,mmacnish66@domainmarket.com,Female,222.177.115.46
224,Angelique,Warham,awarham67@uiuc.edu,Female,157.3.141.215
225,Mervin,Simnett,msimnett68@discovery.com,Male,110.215.49.102
226,Marie-ann,Dawtry,mdawtry69@sciencedirect.com,Female,26.17.250.91
227,Gilbertine,Lednor,glednor6a@wikimedia.org,Female,23.125.41.83
228,Melitta,Garmons,mgarmons6b@mozilla.org,Female,241.150.149.12
229,Joshia,Plimmer,jplimmer6c@ted.com,Genderqueer,222.252.251.219
230,Cecilla,Hurley,churley6d@spotify.com,Female,107.221.138.156
231,Rand,Hucker,rhucker6e@harvard.edu,Male,63.206.207.127
232,Reynold,Blue,rblue6f@mysql.com,Male,5.47.18.70
233,Renard,Blenkin,rblenkin6g@about.com,Male,71.193.126.141
234,Cordula,Borrie,cborrie6h@163.com,Female,92.238.142.220
235,Guthrey,Ainger,gainger6i@sohu.com,Male,88.117.72.43
236,Emlynne,Atlee,eatlee6j@google.es,Female,81.190.241.31
237,Wilmer,McCaughan,wmccaughan6k@businessinsider.com,Male,152.191.147.84
238,Marijn,Grzes,mgrzes6l@smh.com.au,Male,248.178.147.213
239,Knox,Hollyland,khollyland6m@reference.com,Male,45.221.106.207
240,Hobie,Cottage,hcottage6n@uol.com.br,Genderfluid,72.7.152.45
241,Zeke,Durak,zdurak6o@jimdo.com,Male,158.49.62.0
242,Timothea,McCoy,tmccoy6p@netlog.com,Female,218.64.150.194
243,Tanny,Dumbell,tdumbell6q@vinaora.com,Male,41.95.0.18
244,Phillip,Gritland,pgritland6r@nytimes.com,Male,225.74.101.223
245,Obadias,Lipgens,olipgens6s@dot.gov,Male,213.10.202.54
246,Jerrie,Gook,jgook6t@comsenz.com,Female,190.202.24.238
247,Marcie,Bedbury,mbedbury6u@netlog.com,Female,162.196.22.117
248,Blakeley,Deaville,bdeaville6v@a8.net,Female,101.101.249.140
249,Christian,Dudek,cdudek6w@newsvine.com,Genderfluid,179.215.171.36
250,Ber,Bellefant,bbellefant6x@google.fr,Male,178.147.20.197
251,Joachim,Railton,jrailton6y@icq.com,Male,181.218.189.84
252,Kori,Laughton,klaughton6z@cmu.edu,Polygender,137.114.194.201
253,Vittorio,Reaney,vreaney70@themeforest.net,Male,2.36.138.244
254,Daloris,Bullivent,dbullivent71@stumbleupon.com,Female,37.234.231.217
255,Simona,Pagelsen,spagelsen72@ted.com,Female,92.111.240.3
256,Yvonne,Althorpe,yalthorpe73@reuters.com,Female,196.137.22.69
257,Armstrong,Junkin,ajunkin74@eepurl.com,Male,57.175.247.0
258,Clayton,Chree,cchree75@shutterfly.com,Male,242.109.228.59
259,Sherm,Backs,sbacks76@wunderground.com,Male,29.231.65.167
260,Giavani,Bocock,gbocock77@ucoz.com,Male,158.110.177.46
261,Flossie,Halsall,fhalsall78@ustream.tv,Female,231.107.222.30
262,Dacie,Earsman,dearsman79@nhs.uk,Female,148.243.245.67
263,Eal,Lys,elys7a@walmart.com,Male,211.103.50.205
264,Gerianna,Lichtfoth,glichtfoth7b@miitbeian.gov.cn,Female,154.14.4.28
265,Ailene,Lots,alots7c@flickr.com,Female,21.13.0.57
266,Bekki,Flieg,bflieg7d@themeforest.net,Female,147.30.223.145
267,Norry,Cullabine,ncullabine7e@oakley.com,Male,151.184.178.51
268,Welch,Andrei,wandrei7f@amazon.co.uk,Male,96.216.88.98
269,Christy,Iveagh,civeagh7g@buzzfeed.com,Female,56.16.201.96
270,Julius,Heersema,jheersema7h@zdnet.com,Bigender,65.234.142.175
271,Cloe,Freddi,cfreddi7i@hugedomains.com,Bigender,195.252.208.179
272,Samson,Sissens,ssissens7j@google.com,Male,20.167.162.125
273,Nikolai,Clelland,nclelland7k@senate.gov,Male,173.243.194.169
274,Wallis,Wybron,wwybron7l@miibeian.gov.cn,Polygender,228.210.136.225
275,Tobin,Harby,tharby7m@delicious.com,Male,179.254.123.170
276,Marsiella,Carnow,mcarnow7n@alexa.com,Female,129.25.116.71
277,Pat,Giraths,pgiraths7o@hatena.ne.jp,Male,171.242.172.233
278,Glyn,Darridon,gdarridon7p@youtube.com,Male,221.35.223.5
279,Skipton,Clingan,sclingan7q@smugmug.com,Male,174.111.222.238
280,Adriane,Gubbins,agubbins7r@businessinsider.com,Female,193.138.67.23
281,Lida,Wanklyn,lwanklyn7s@hexun.com,Agender,198.15.74.145
282,Currey,Goldthorp,cgoldthorp7t@smh.com.au,Male,91.44.161.149
283,Fonz,Moff,fmoff7u@networksolutions.com,Male,50.200.40.251
284,Joshuah,Pagin,jpagin7v@boston.com,Male,195.182.91.141
285,Pernell,Braven,pbraven7w@google.com.hk,Male,47.179.119.109
286,Kissie,Lowin,klowin7x@sohu.com,Female,218.103.172.129
287,Dunn,Lamba,dlamba7y@people.com.cn,Male,23.201.27.20
288,Cristin,Tadgell,ctadgell7z@google.com.br,Female,124.155.212.246
289,Merle,Mandrier,mmandrier80@reference.com,Male,125.237.125.170
290,Tabb,Daugherty,tdaugherty81@intel.com,Male,110.54.64.20
291,Piggy,Cheng,pcheng82@aboutads.info,Male,63.107.237.68
292,Jude,oldey,joldey83@diigo.com,Male,105.163.167.221
293,Terencio,Storek,tstorek84@123-reg.co.uk,Male,86.195.213.151
294,Rupert,Shave,rshave85@godaddy.com,Male,137.205.0.52
295,Ladonna,O'Malley,lomalley86@wiley.com,Female,19.2.118.216
296,Eugenius,Cooch,ecooch87@furl.net,Male,91.105.106.18
297,Sunny,Daniaud,sdaniaud88@storify.com,Female,135.249.63.196
298,Lori,Brookzie,lbrookzie89@census.gov,Female,22.28.227.84
299,Connor,Recher,crecher8a@ihg.com,Male,170.69.248.182
300,Michaelina,Mattaser,mmattaser8b@smugmug.com,Female,149.65.228.169
301,Leigh,McNeish,lmcneish8c@devhub.com,Female,218.215.123.57
302,Osborn,Glawsop,oglawsop8d@1688.com,Male,63.68.1.91
303,Gabriello,Merrisson,gmerrisson8e@comsenz.com,Male,45.56.210.141
304,Rhianna,Eacott,reacott8f@edublogs.org,Female,72.156.83.38
305,Piotr,Dennerly,pdennerly8g@epa.gov,Male,87.44.173.191
306,Avrom,Reichelt,areichelt8h@biblegateway.com,Male,227.5.69.88
307,Mada,Wager,mwager8i@angelfire.com,Female,195.166.130.136
308,Valene,Cusiter,vcusiter8j@technorati.com,Female,204.210.167.103
309,Yorke,McBeath,ymcbeath8k@eventbrite.com,Male,31.74.27.154
310,Fidelio,Dawe,fdawe8l@is.gd,Male,219.154.246.190
311,Antone,Jozefowicz,ajozefowicz8m@cocolog-nifty.com,Bigender,43.251.251.182
312,Denny,Durkin,ddurkin8n@cornell.edu,Male,23.147.238.130
313,Lowell,Helkin,lhelkin8o@springer.com,Male,243.20.121.196
314,Alwyn,Daintith,adaintith8p@cisco.com,Polygender,80.41.38.174
315,Ambros,Kettlestring,akettlestring8q@skyrock.com,Male,176.118.11.168
316,Roselin,Freddi,rfreddi8r@furl.net,Female,107.101.240.212
317,Guthrey,Jedrychowski,gjedrychowski8s@oracle.com,Male,33.226.154.211
318,Stace,Yea,syea8t@imdb.com,Female,30.152.227.254
319,Bartholemy,Boddice,bboddice8u@berkeley.edu,Male,178.133.233.44
320,Reeba,Furman,rfurman8v@kickstarter.com,Female,14.210.76.170
321,Ambrosius,Marchi,amarchi8w@ehow.com,Male,101.212.49.197
322,Hedwig,Niemiec,hniemiec8x@typepad.com,Female,211.245.223.214
323,Johnath,Gainsburgh,jgainsburgh8y@bbb.org,Female,165.164.102.57
324,Alayne,Wyllis,awyllis8z@xing.com,Female,177.130.146.210
325,Ashley,Lanceley,alanceley90@wikispaces.com,Female,65.52.106.128
326,Vinita,Bonner,vbonner91@cisco.com,Female,127.228.209.22
327,Vale,Densham,vdensham92@miibeian.gov.cn,Female,9.219.234.195
328,Hillier,Hrinchishin,hhrinchishin93@nationalgeographic.com,Male,12.73.203.84
329,Morly,Brendel,mbrendel94@pen.io,Male,44.107.27.17
330,Lynelle,Peppard,lpeppard95@discuz.net,Female,122.203.216.238
331,Gay,Thorington,gthorington96@redcross.org,Male,228.47.123.73
332,Shantee,Casetta,scasetta97@ft.com,Female,40.194.93.251
333,Merle,Aymes,maymes98@people.com.cn,Male,224.235.238.226
334,Alleyn,Bowden,abowden99@accuweather.com,Male,248.11.123.10
335,Jaymie,Wren,jwren9a@ameblo.jp,Male,100.29.29.245
336,Orland,Verni,overni9b@dailymotion.com,Male,175.147.154.88
337,Ike,Di Biaggi,idibiaggi9c@vimeo.com,Male,209.100.24.102
338,Roderick,Molohan,rmolohan9d@techcrunch.com,Bigender,50.224.4.137
339,Dulci,St. Leger,dstleger9e@google.fr,Female,112.198.234.167
340,Leonerd,Vedmore,lvedmore9f@flickr.com,Male,148.230.122.110
341,Dani,Yuryatin,dyuryatin9g@shinystat.com,Genderfluid,95.70.216.198
342,Jeannette,Balogh,jbalogh9h@unc.edu,Female,59.114.234.67
343,Ricard,Teodorski,rteodorski9i@cafepress.com,Male,172.12.161.54
344,Noelyn,Wigelsworth,nwigelsworth9j@psu.edu,Female,80.66.31.231
345,Cordelia,Burrell,cburrell9k@google.com.au,Female,83.36.130.11
346,Georas,Odney,godney9l@youtu.be,Male,61.63.76.189
347,Melany,Turville,mturville9m@gmpg.org,Female,157.35.116.122
348,Clerc,Holworth,cholworth9n@berkeley.edu,Polygender,102.186.113.238
349,Corby,Eddins,ceddins9o@google.fr,Agender,249.180.42.94
350,Lawry,Mickleburgh,lmickleburgh9p@vk.com,Male,65.80.44.63
351,Steffane,Morit,smorit9q@livejournal.com,Female,47.223.72.229
352,Madella,Jest,mjest9r@quantcast.com,Genderfluid,8.153.73.237
353,Belinda,Eul,beul9s@google.co.jp,Female,145.57.244.101
354,Judie,Soars,jsoars9t@csmonitor.com,Non-binary,198.117.227.218
355,Kyrstin,Slatter,kslatter9u@barnesandnoble.com,Female,204.129.76.198
356,Dorelle,Kift,dkift9v@privacy.gov.au,Female,73.74.200.38
357,Sophie,Heisman,sheisman9w@ucla.edu,Female,203.223.143.192
358,Gwendolin,Collin,gcollin9x@netscape.com,Agender,136.68.62.234
359,Kattie,Kimber,kkimber9y@buzzfeed.com,Female,38.89.224.41
360,Osmond,Gummie,ogummie9z@salon.com,Male,148.90.198.44
361,Eilis,Lernihan,elernihana0@shop-pro.jp,Female,225.0.242.38
362,Clyde,Waudby,cwaudbya1@constantcontact.com,Male,93.158.127.80
363,Andria,Emmens,aemmensa2@webnode.com,Female,15.102.239.234
364,Alphard,Liggett,aliggetta3@hud.gov,Male,91.253.20.32
365,Blinnie,Dyers,bdyersa4@blogger.com,Agender,117.154.32.42
366,Clement,Idiens,cidiensa5@miitbeian.gov.cn,Male,35.156.76.50
367,Amalee,Golston,agolstona6@bloglovin.com,Female,229.212.205.6
368,Heath,Brockie,hbrockiea7@google.com.hk,Male,137.35.38.169
369,Roxanna,Jakubovits,rjakubovitsa8@networkadvertising.org,Female,225.5.45.234
370,Jacobo,Webb-Bowen,jwebbbowena9@goo.ne.jp,Male,107.173.159.29
371,Jarad,Hodgin,jhodginaa@jimdo.com,Male,111.247.180.130
372,Nels,Tock,ntockab@admin.ch,Male,25.131.225.129
373,Whitaker,Renshall,wrenshallac@cyberchimps.com,Male,81.6.234.118
374,Deloris,Brisbane,dbrisbanead@abc.net.au,Female,31.30.14.8
375,Neel,Byres,nbyresae@printfriendly.com,Male,84.54.150.42
376,Caspar,Baroc,cbarocaf@mapy.cz,Non-binary,214.251.55.240
377,Rowen,Mountfort,rmountfortag@thetimes.co.uk,Male,98.31.239.26
378,Florance,Giveen,fgiveenah@addtoany.com,Female,185.123.117.185
379,Billie,Botha,bbothaai@51.la,Bigender,165.187.153.245
380,Daryl,Guitel,dguitelaj@fema.gov,Female,62.181.64.179
381,Sayers,Vagges,svaggesak@earthlink.net,Male,242.123.184.161
382,Lalo,Feeley,lfeeleyal@abc.net.au,Male,228.143.61.10
383,Rikki,Duffrie,rduffrieam@nhs.uk,Female,120.98.15.2
384,Hanson,Boal,hboalan@yelp.com,Male,245.215.51.43
385,Nevil,Knight,nknightao@google.ru,Male,139.209.181.191
386,Essie,Skellion,eskellionap@vimeo.com,Female,34.157.162.23
387,Millard,Helling,mhellingaq@behance.net,Genderqueer,191.178.186.158
388,Martin,Fowles,mfowlesar@is.gd,Agender,121.133.194.104
389,Welch,Pimme,wpimmeas@php.net,Male,248.85.194.218
390,Rosana,Bortolutti,rbortoluttiat@twitpic.com,Female,197.75.94.49
391,Matthieu,Lightbody,mlightbodyau@posterous.com,Male,54.121.193.97
392,Gaynor,Levensky,glevenskyav@biblegateway.com,Female,68.39.4.248
393,Harli,Roadknight,hroadknightaw@so-net.ne.jp,Female,142.78.11.193
394,Shell,Sommerlin,ssommerlinax@drupal.org,Female,45.243.49.105
395,Iona,Gozney,igozneyay@yandex.ru,Genderfluid,246.5.192.149
396,Nalani,Serotsky,nserotskyaz@mlb.com,Female,57.210.7.56
397,Noby,Tebbitt,ntebbittb0@prlog.org,Male,221.29.14.84
398,Rachele,Wannan,rwannanb1@com.com,Female,196.230.173.165
399,Hy,Yvens,hyvensb2@washington.edu,Male,47.7.156.9
400,Abram,Friedenbach,afriedenbachb3@yelp.com,Male,2.82.143.47
401,Braden,Flag,bflagb4@uiuc.edu,Male,37.89.156.9
402,Ingelbert,Luney,iluneyb5@gravatar.com,Male,216.179.229.60
403,Dov,McDougall,dmcdougallb6@usatoday.com,Male,92.151.243.126
404,Galvin,Penticost,gpenticostb7@cloudflare.com,Male,22.24.202.94
405,Aubrey,Caddell,acaddellb8@squarespace.com,Genderfluid,191.212.48.21
406,Saxe,Ketchell,sketchellb9@wikispaces.com,Male,124.245.20.214
407,Pia,Trett,ptrettba@apache.org,Female,204.13.162.109
408,Candide,Libbie,clibbiebb@latimes.com,Female,162.34.36.145
409,Curcio,Currall,ccurrallbc@omniture.com,Male,150.247.163.66
410,Mitch,McCord,mmccordbd@answers.com,Male,131.7.172.161
411,Charleen,Teodorski,cteodorskibe@tinyurl.com,Female,222.84.186.184
412,Itch,Gorvette,igorvettebf@msu.edu,Male,92.64.218.103
413,Ches,Smallpeace,csmallpeacebg@nih.gov,Male,7.181.134.242
414,Carole,Paradine,cparadinebh@cam.ac.uk,Female,202.132.76.46
415,Alfred,Fincham,afinchambi@booking.com,Male,9.181.95.110
416,Michel,Kornyakov,mkornyakovbj@addtoany.com,Male,35.151.155.119
417,Mitchael,Havercroft,mhavercroftbk@prnewswire.com,Male,144.75.110.12
418,Adrien,Dilleston,adillestonbl@whitehouse.gov,Male,50.24.50.11
419,Andy,Manning,amanningbm@webs.com,Female,70.55.56.198
420,Brit,Ahrens,bahrensbn@wp.com,Female,252.161.220.184
421,Netta,Pikesley,npikesleybo@slate.com,Female,193.115.58.137
422,Reggi,Paulack,rpaulackbp@creativecommons.org,Female,160.96.85.110
423,Oliviero,Scothorne,oscothornebq@wikia.com,Male,25.196.197.36
424,Hailey,Grishmanov,hgrishmanovbr@ifeng.com,Male,234.218.41.209
425,Emilia,Dowdney,edowdneybs@yellowpages.com,Female,209.174.105.4
426,Marylynne,Llewellin,mllewellinbt@netscape.com,Genderfluid,13.94.50.107
427,Shelden,Kiddye,skiddyebu@sun.com,Male,30.16.85.8
428,Kit,Szymon,kszymonbv@blogs.com,Female,195.197.12.174
429,Mahmoud,Eadon,meadonbw@amazon.co.uk,Male,162.129.170.128
430,Analiese,McCullock,amccullockbx@scientificamerican.com,Female,9.78.152.103
431,Kelsy,Nassau,knassauby@issuu.com,Female,14.170.197.191
432,Olwen,Large,olargebz@sitemeter.com,Female,253.166.145.48
433,Gracia,Ousby,gousbyc0@wiley.com,Genderqueer,23.201.115.5
434,Iain,Taig,itaigc1@yandex.ru,Male,8.166.224.101
435,Basil,Kleeman,bkleemanc2@cloudflare.com,Male,132.224.28.131
436,Hetti,Bramwich,hbramwichc3@nytimes.com,Female,210.236.11.129
437,Norry,Petruszka,npetruszkac4@fda.gov,Female,170.112.83.191
438,Ashby,Stocky,astockyc5@furl.net,Male,79.214.117.231
439,Lucilia,Embery,lemberyc6@quantcast.com,Female,149.148.254.43
440,Virgil,Horrigan,vhorriganc7@ihg.com,Male,205.166.181.16
441,Care,Blease,cbleasec8@earthlink.net,Male,45.8.135.157
442,Yuma,Patzelt,ypatzeltc9@delicious.com,Non-binary,172.51.123.87
443,Kalila,Casarino,kcasarinoca@elpais.com,Female,33.151.118.151
444,Romola,McNally,rmcnallycb@wikimedia.org,Female,254.28.11.98
445,Elden,Eaglen,eeaglencc@google.fr,Male,206.238.133.242
446,Marge,Cotte,mcottecd@oaic.gov.au,Female,174.245.42.245
447,Veda,Jirek,vjirekce@google.cn,Female,206.82.195.0
448,Gal,Damarell,gdamarellcf@miibeian.gov.cn,Male,19.127.162.116
449,Hendrik,Garling,hgarlingcg@thetimes.co.uk,Male,179.255.129.154
450,Dionis,Badham,dbadhamch@marriott.com,Female,36.232.223.126
451,Auberta,McGinlay,amcginlayci@ustream.tv,Genderfluid,119.9.77.76
452,Shoshanna,Corbould,scorbouldcj@odnoklassniki.ru,Female,106.13.69.232
453,Katha,Gindghill,kgindghillck@phoca.cz,Female,161.177.203.94
454,Catina,Gumley,cgumleycl@theatlantic.com,Female,206.123.28.187
455,Ninetta,Marle,nmarlecm@bing.com,Female,234.142.191.244
456,Darryl,Carlisi,dcarlisicn@time.com,Male,70.223.130.144
457,Lyndy,Emps,lempsco@wordpress.com,Female,227.133.18.78
458,Ariel,Astles,aastlescp@usnews.com,Male,241.109.207.211
459,Winona,Carless,wcarlesscq@hc360.com,Female,215.205.208.199
460,Gordy,Newing,gnewingcr@fda.gov,Male,184.57.156.39
461,Nelle,Boles,nbolescs@slate.com,Female,93.118.188.4
462,Ingrim,Mainstone,imainstonect@yolasite.com,Male,66.88.176.39
463,Rahel,Schwander,rschwandercu@i2i.jp,Female,70.129.136.38
464,Jermaine,Swinney,jswinneycv@blogtalkradio.com,Female,240.39.11.37
465,Gabey,Deverell,gdeverellcw@mapquest.com,Female,204.38.124.243
466,Goldarina,Wais,gwaiscx@altervista.org,Female,23.245.124.130
467,Anny,Teaz,ateazcy@boston.com,Female,158.38.74.159
468,Clerkclaude,Rayworth,crayworthcz@blinklist.com,Male,196.142.174.105
469,Prescott,Ransbury,pransburyd0@omniture.com,Male,188.216.93.166
470,Lonnie,Liston,llistond1@washington.edu,Male,157.131.7.30
471,Niels,Peyntue,npeyntued2@skype.com,Male,190.213.171.61
472,Arley,Galle,agalled3@list-manage.com,Male,14.250.92.38
473,Georgy,Niemiec,gniemiecd4@weather.com,Male,106.156.36.250
474,Elora,Malek,emalekd5@nih.gov,Female,64.137.168.183
475,Kari,Leadston,kleadstond6@cbsnews.com,Agender,102.142.66.252
476,Nikki,Joiner,njoinerd7@mail.ru,Male,210.44.70.144
477,Agnesse,Feeney,afeeneyd8@ted.com,Female,240.97.29.108
478,Doti,MacConnel,dmacconneld9@mail.ru,Female,142.127.35.200
479,Denna,Honeywood,dhoneywoodda@squarespace.com,Female,199.237.156.134
480,Archibald,Cornall,acornalldb@ask.com,Genderfluid,222.110.1.216
481,Joyan,Grenshiels,jgrenshielsdc@freewebs.com,Female,122.70.137.213
482,Carl,Lenormand,clenormanddd@unc.edu,Male,99.78.255.212
483,Chrystel,Donativo,cdonativode@reference.com,Female,149.45.58.89
484,Rory,Buttwell,rbuttwelldf@wix.com,Bigender,238.103.188.31
485,Theodoric,Mullan,tmullandg@wp.com,Male,19.127.20.251
486,Lynea,Pound,lpounddh@about.me,Female,193.190.156.161
487,Waldon,Fiddeman,wfiddemandi@angelfire.com,Male,172.157.188.37
488,D'arcy,Bovaird,dbovairddj@goo.gl,Male,63.51.201.10
489,Papagena,Zorro,pzorrodk@furl.net,Female,217.69.60.207
490,Dody,McKeating,dmckeatingdl@symantec.com,Female,43.190.154.138
491,Ronica,Gossage,rgossagedm@jugem.jp,Female,117.87.0.5
492,Abey,Bertelsen,abertelsendn@latimes.com,Genderqueer,135.43.98.74
493,Tomlin,Luckey,tluckeydo@booking.com,Male,9.121.8.106
494,Derril,Heinssen,dheinssendp@blinklist.com,Male,30.92.235.11
495,Jeanie,Inch,jinchdq@photobucket.com,Female,235.227.160.149
496,Benedetta,Askham,baskhamdr@salon.com,Agender,68.35.18.171
497,Barrie,Pickthall,bpickthallds@wordpress.com,Male,86.79.68.28
498,Willa,Newiss,wnewissdt@buzzfeed.com,Female,28.249.19.137
499,Raimundo,Earland,rearlanddu@newsvine.com,Male,63.146.224.39
500,Gregory,McGaugie,gmcgaugiedv@twitpic.com,Male,238.123.69.13
501,Lindi,Murcutt,lmurcuttdw@google.ru,Female,197.225.212.211
502,Vasilis,Sartain,vsartaindx@opensource.org,Male,142.171.253.24
503,Drusy,Eby,debydy@usda.gov,Agender,185.228.107.167
504,Janaya,Fishbourn,jfishbourndz@theguardian.com,Genderfluid,56.196.7.21
505,Robinson,Troker,rtrokere0@slashdot.org,Male,120.130.75.96
506,Glenine,Olligan,golligane1@berkeley.edu,Agender,101.11.97.253
507,Waylon,Sabathe,wsabathee2@sourceforge.net,Male,151.56.125.152
508,Rodrique,Hakking,rhakkinge3@businessinsider.com,Male,126.0.24.243
509,Darci,Southcoat,dsouthcoate4@example.com,Female,224.100.197.79
510,Von,Andreopolos,vandreopolose5@wordpress.com,Male,205.168.44.192
511,Townie,Matthewman,tmatthewmane6@whitehouse.gov,Genderqueer,171.74.102.63
512,Errol,Allatt,eallatte7@guardian.co.uk,Male,150.200.93.107
513,Nari,Clorley,nclorleye8@discovery.com,Female,133.54.119.76
514,Christiana,Ambrus,cambruse9@samsung.com,Bigender,71.69.247.27
515,Hakeem,Cunnane,hcunnaneea@biglobe.ne.jp,Male,105.205.26.130
516,Tammi,Lough,tlougheb@ibm.com,Female,32.154.141.238
517,Margret,Mullard,mmullardec@amazon.co.jp,Female,146.214.179.25
518,Colette,Cadalleder,ccadalledered@webnode.com,Polygender,145.78.102.39
519,Rob,Bemlott,rbemlottee@clickbank.net,Male,174.232.215.122
520,Nari,Ogden,nogdenef@netvibes.com,Female,45.95.250.198
521,Eddy,Benallack,ebenallackeg@mtv.com,Male,113.105.8.40
522,Samaria,Parsand,sparsandeh@exblog.jp,Female,223.88.229.6
523,Elisa,Aldritt,ealdrittei@soundcloud.com,Female,19.130.12.5
524,Rudy,Whiffen,rwhiffenej@virginia.edu,Male,97.150.33.249
525,Robby,Lindwasser,rlindwasserek@ehow.com,Male,127.229.131.227
526,Georgie,Wynter,gwynterel@xrea.com,Female,65.243.68.27
527,Marin,Sinkins,msinkinsem@google.co.uk,Female,14.16.199.143
528,Joyous,Kemson,jkemsonen@simplemachines.org,Female,103.185.104.112
529,Carolus,Swindle,cswindleeo@shop-pro.jp,Male,214.251.148.83
530,Drew,Scholig,dscholigep@sohu.com,Male,97.183.91.145
531,Afton,Samples,asampleseq@dailymail.co.uk,Female,107.81.17.0
532,Nola,Oliphand,noliphander@webs.com,Female,22.164.232.79
533,Aldis,Grief,agriefes@mozilla.com,Male,2.160.21.206
534,Burk,Giacomini,bgiacominiet@amazon.co.jp,Male,106.55.37.232
535,Brooke,Hugonnet,bhugonneteu@epa.gov,Female,244.163.156.30
536,Granthem,Pollastro,gpollastroev@xing.com,Male,242.140.55.219
537,Cullie,Bullus,cbullusew@archive.org,Male,96.57.180.179
538,Westbrook,Baugham,wbaughamex@craigslist.org,Male,141.27.66.17
539,Danella,Semaine,dsemaineey@google.com.hk,Polygender,74.73.220.250
540,Lenna,Steenson,lsteensonez@ask.com,Female,83.8.57.109
541,Mercy,Vezey,mvezeyf0@nytimes.com,Female,233.197.161.226
542,Ignazio,Symonds,isymondsf1@alexa.com,Male,81.3.227.213
543,Bradney,Sanper,bsanperf2@prnewswire.com,Male,98.93.122.106
544,Percy,Dawber,pdawberf3@adobe.com,Male,9.121.66.156
545,Davy,Attack,dattackf4@sciencedaily.com,Male,104.25.222.231
546,Clim,Bernhart,cbernhartf5@51.la,Male,215.246.81.143
547,Albrecht,Plumptre,aplumptref6@nih.gov,Genderqueer,250.84.157.85
548,Carolyn,Spraging,cspragingf7@deviantart.com,Female,11.0.28.254
549,Judye,Coombes,jcoombesf8@nbcnews.com,Non-binary,193.50.30.32
550,Leshia,Rosencwaig,lrosencwaigf9@examiner.com,Female,95.158.254.86
551,Julietta,Beston,jbestonfa@diigo.com,Female,137.113.96.34
552,Betteann,Clarkin,bclarkinfb@indiatimes.com,Female,70.42.25.25
553,Corabel,Koenen,ckoenenfc@economist.com,Female,60.217.226.233
554,Larissa,Gogarty,lgogartyfd@about.com,Female,68.168.12.121
555,Cornelle,Winkett,cwinkettfe@histats.com,Female,187.224.42.175
556,Louis,Yardley,lyardleyff@npr.org,Male,172.94.167.101
557,Charmaine,Soaper,csoaperfg@time.com,Non-binary,144.217.112.206
558,Goldy,McQuillen,gmcquillenfh@blogs.com,Female,166.106.247.179
559,Marna,Steuart,msteuartfi@shinystat.com,Female,123.88.235.236
560,Isidro,Brinklow,ibrinklowfj@storify.com,Male,103.53.197.62
561,Bryce,Coltart,bcoltartfk@utexas.edu,Male,213.32.15.196
562,Tiffy,Hennemann,thennemannfl@cnet.com,Female,120.241.207.75
563,Felicdad,Blodgett,fblodgettfm@samsung.com,Female,131.16.211.111
564,Evelin,Lawes,elawesfn@friendfeed.com,Genderqueer,175.160.255.36
565,Georgette,Tidcomb,gtidcombfo@ovh.net,Female,215.67.225.248
566,Heywood,Bradneck,hbradneckfp@photobucket.com,Male,108.231.71.204
567,Julian,Desson,jdessonfq@dyndns.org,Male,234.18.109.243
568,Nancey,Szymon,nszymonfr@reddit.com,Female,38.173.188.90
569,Ciro,Kerton,ckertonfs@sphinn.com,Male,102.140.112.236
570,Swen,Linzee,slinzeeft@spiegel.de,Male,2.43.33.120
571,Al,Blackaller,ablackallerfu@moonfruit.com,Male,34.160.67.251
572,Joella,Longcake,jlongcakefv@mysql.com,Female,184.68.27.194
573,Libbie,Huyghe,lhuyghefw@ft.com,Female,131.231.130.217
574,Findlay,Blown,fblownfx@dot.gov,Male,52.27.63.136
575,Joyann,Frape,jfrapefy@imageshack.us,Female,95.140.118.126
576,Devonna,Mount,dmountfz@ocn.ne.jp,Female,112.110.210.121
577,Ula,Fairholme,ufairholmeg0@opensource.org,Female,177.244.162.107
578,Jessalin,Fleischmann,jfleischmanng1@webmd.com,Female,196.56.53.124
579,Inger,Pounsett,ipounsettg2@vinaora.com,Female,89.113.78.141
580,Ivonne,Christoffersen,ichristofferseng3@blogs.com,Genderfluid,124.246.44.13
581,Ive,Whitear,iwhitearg4@altervista.org,Male,0.16.11.203
582,Kippie,Millis,kmillisg5@ezinearticles.com,Male,63.192.206.31
583,Patin,Lilley,plilleyg6@state.tx.us,Male,52.221.205.123
584,Lalo,Caukill,lcaukillg7@ucsd.edu,Male,58.72.75.1
585,Benjamen,Massard,bmassardg8@google.de,Male,120.105.45.51
586,Bernie,Rickaert,brickaertg9@psu.edu,Genderqueer,85.93.246.186
587,Conroy,Hutchison,chutchisonga@arizona.edu,Male,49.152.58.60
588,Jeffie,Pischof,jpischofgb@123-reg.co.uk,Male,196.21.245.111
589,Bondy,Stouther,bstouthergc@deliciousdays.com,Male,106.24.0.167
590,Mayne,Duggleby,mdugglebygd@google.com.au,Male,113.92.156.189
591,Doreen,Kitchingman,dkitchingmange@about.me,Female,148.133.105.250
592,Terrye,Franzoli,tfranzoligf@auda.org.au,Female,40.166.225.2
593,Bailie,Lazenbury,blazenburygg@flickr.com,Male,67.7.191.220
594,Kenna,Meiningen,kmeiningengh@dot.gov,Female,110.135.67.97
595,Hale,Elven,helvengi@1und1.de,Male,49.142.184.211
596,Giacopo,Revey,greveygj@jiathis.com,Male,95.235.152.19
597,Coretta,Giacobillo,cgiacobillogk@51.la,Female,240.5.239.198
598,Nerty,Futter,nfuttergl@washington.edu,Female,218.251.117.223
599,Kata,Ciccarelli,kciccarelligm@narod.ru,Female,57.79.142.223
600,Maridel,Crollman,mcrollmangn@wiley.com,Female,24.98.250.221
601,Petrina,Wallice,pwallicego@stumbleupon.com,Female,5.144.81.201
602,Hayyim,Hurleston,hhurlestongp@fema.gov,Male,211.215.128.6
603,Fitzgerald,Barensky,fbarenskygq@nymag.com,Male,27.187.209.21
604,Gabriel,Hanbridge,ghanbridgegr@bloglovin.com,Male,33.101.233.216
605,Ignazio,Ruffell,iruffellgs@eventbrite.com,Genderqueer,189.183.74.142
606,Pavel,Boote,pbootegt@friendfeed.com,Male,49.202.20.135
607,Jeri,Dorracott,jdorracottgu@cbslocal.com,Female,102.251.12.190
608,Webster,Semens,wsemensgv@g.co,Male,194.160.79.23
609,Anne-marie,Matveyev,amatveyevgw@gravatar.com,Female,128.134.249.90
610,Giffer,Thwaite,gthwaitegx@yolasite.com,Male,134.113.249.240
611,Abdul,Jacobowitz,ajacobowitzgy@marriott.com,Male,192.174.223.68
612,Dunn,Naerup,dnaerupgz@biglobe.ne.jp,Male,35.56.141.137
613,Chrystal,Chessell,cchessellh0@printfriendly.com,Female,208.141.43.7
614,Vally,Cranage,vcranageh1@cyberchimps.com,Female,25.94.137.181
615,Aharon,Annis,aannish2@about.me,Male,203.161.36.219
616,Estel,Tollow,etollowh3@friendfeed.com,Female,137.132.91.199
617,Gardiner,Grinter,ggrinterh4@stanford.edu,Male,12.217.66.246
618,Manya,Gulston,mgulstonh5@nytimes.com,Female,139.111.252.213
619,Kiel,Hatcliffe,khatcliffeh6@engadget.com,Male,46.124.79.5
620,Laraine,Fallawe,lfallaweh7@imageshack.us,Bigender,215.47.29.118
621,Minor,Byng,mbyngh8@npr.org,Male,2.173.200.142
622,Yolanda,Yeoman,yyeomanh9@gmpg.org,Female,249.45.81.163
623,Brana,Gerrit,bgerritha@about.com,Female,0.229.164.228
624,Rebbecca,Salvati,rsalvatihb@paypal.com,Female,174.29.57.85
625,Sasha,Eble,seblehc@apache.org,Male,44.121.128.45
626,Marcus,Upjohn,mupjohnhd@utexas.edu,Male,101.26.111.59
627,Linc,Ferreiro,lferreirohe@freewebs.com,Male,80.84.234.53
628,Burch,Noyce,bnoycehf@mediafire.com,Male,196.202.103.254
629,Emeline,Sheridan,esheridanhg@github.com,Female,118.158.181.33
630,Lanny,Ambridge,lambridgehh@tinypic.com,Male,24.214.248.75
631,Hazel,Shellcross,hshellcrosshi@blogger.com,Male,14.144.214.219
632,Zachariah,Repper,zrepperhj@is.gd,Male,209.187.32.30
633,Anson,Ivanusyev,aivanusyevhk@hexun.com,Male,207.50.30.141
634,Louisette,Dell Casa,ldellcasahl@utexas.edu,Female,193.79.35.147
635,Tiena,Noore,tnoorehm@paypal.com,Polygender,34.21.84.174
636,Teador,Bannon,tbannonhn@cnet.com,Male,228.221.56.112
637,Farrell,Flattman,fflattmanho@liveinternet.ru,Male,114.142.194.156
638,Jack,MacIlory,jmaciloryhp@purevolume.com,Male,253.44.208.77
639,Winona,Ornelas,wornelashq@omniture.com,Female,54.245.72.56
640,Linzy,Sharper,lsharperhr@telegraph.co.uk,Female,150.167.141.69
641,Algernon,Defries,adefrieshs@g.co,Male,31.102.64.101
642,Curran,Telfer,ctelferht@newyorker.com,Male,254.62.76.251
643,Joshia,Forestall,jforestallhu@sphinn.com,Male,39.147.96.207
644,Annie,Khristoforov,akhristoforovhv@elpais.com,Female,228.170.156.206
645,Bevon,Mordaunt,bmordaunthw@hao123.com,Male,29.249.218.9
646,Tate,Lewzey,tlewzeyhx@amazon.co.uk,Male,217.246.21.17
647,Hillie,Macoun,hmacounhy@tiny.cc,Male,122.68.163.64
648,Cristy,Kimbury,ckimburyhz@microsoft.com,Female,71.159.125.246
649,Koressa,Cosans,kcosansi0@phpbb.com,Female,205.27.223.153
650,Nealy,Yoselevitch,nyoselevitchi1@bbc.co.uk,Male,208.3.19.194
651,Brewster,Blonfield,bblonfieldi2@last.fm,Male,164.233.34.14
652,Norean,Oldroyd,noldroydi3@mtv.com,Female,201.206.171.160
653,Erny,Compston,ecompstoni4@people.com.cn,Male,148.19.148.34
654,Raviv,Trank,rtranki5@zimbio.com,Male,240.122.194.184
655,Garrott,Volette,gvolettei6@dyndns.org,Male,176.3.168.3
656,Cleve,Abelevitz,cabelevitzi7@umich.edu,Male,229.20.73.150
657,Siobhan,Rudham,srudhami8@behance.net,Female,172.254.87.223
658,Delphinia,Rawson,drawsoni9@google.co.uk,Female,27.211.20.235
659,Randy,Cantillon,rcantillonia@cdc.gov,Male,141.214.46.211
660,Raven,Starzaker,rstarzakerib@fema.gov,Genderfluid,221.46.35.126
661,Wally,Chadbourne,wchadbourneic@elegantthemes.com,Male,175.22.185.100
662,Holly-anne,Lathleiffure,hlathleiffureid@fema.gov,Female,230.97.64.203
663,Isidoro,Flori,ifloriie@bravesites.com,Male,49.5.232.70
664,Twyla,Thompson,tthompsonif@unesco.org,Female,146.61.39.157
665,Delaney,Stapleford,dstaplefordig@tamu.edu,Male,54.81.182.26
666,Immanuel,Switzer,iswitzerih@cnet.com,Male,183.139.233.107
667,Thorpe,Baldin,tbaldinii@tinypic.com,Male,124.162.215.233
668,Teodora,Kettell,tkettellij@google.com.au,Non-binary,62.71.229.228
669,Amara,Chester,achesterik@istockphoto.com,Female,174.93.167.173
670,Maddy,Rippingale,mrippingaleil@hc360.com,Male,120.211.252.47
671,Florencia,Liston,flistonim@youtu.be,Female,70.216.110.86
672,Emery,See,eseein@privacy.gov.au,Bigender,21.96.193.66
673,Helen,Plenty,hplentyio@statcounter.com,Female,110.32.10.20
674,Feodor,Schulkins,fschulkinsip@wsj.com,Male,72.153.176.30
675,Hally,McLice,hmcliceiq@comcast.net,Bigender,16.109.32.162
676,Christopher,Mantrip,cmantripir@goo.gl,Male,192.185.239.155
677,Cecilius,Stoile,cstoileis@ted.com,Male,153.59.69.0
678,Derk,Plant,dplantit@tmall.com,Male,228.169.20.37
679,Hamlen,Goldston,hgoldstoniu@va.gov,Male,126.211.15.86
680,Charlene,Girardoni,cgirardoniiv@archive.org,Female,31.152.127.127
681,Luce,Heintz,lheintziw@tmall.com,Female,84.180.146.116
682,Gardy,Buxcy,gbuxcyix@toplist.cz,Male,68.120.38.73
683,Violet,Mattek,vmattekiy@about.me,Female,105.214.224.67
684,Herbert,Sauter,hsauteriz@multiply.com,Male,8.67.137.19
685,Jarrid,Delieu,jdelieuj0@merriam-webster.com,Male,7.131.102.38
686,Veronika,Coslitt,vcoslittj1@last.fm,Female,54.108.137.131
687,Guthrey,Scriviner,gscrivinerj2@is.gd,Male,130.16.104.153
688,Cristen,Hardman,chardmanj3@wordpress.com,Female,141.87.178.170
689,Jereme,Grint,jgrintj4@theatlantic.com,Genderqueer,75.166.192.224
690,Clywd,McKiddin,cmckiddinj5@arizona.edu,Male,99.42.76.247
691,Maurits,Sixsmith,msixsmithj6@sciencedirect.com,Genderfluid,22.235.252.31
692,Tally,Ciraldo,tciraldoj7@utexas.edu,Female,94.215.166.39
693,Tomlin,Bennough,tbennoughj8@dedecms.com,Male,4.158.204.255
694,Maxy,Hartrick,mhartrickj9@hhs.gov,Male,138.230.246.171
695,Patrizia,Killbey,pkillbeyja@pcworld.com,Female,224.54.84.41
696,Bink,McAllester,bmcallesterjb@unc.edu,Male,185.185.66.27
697,Silva,Norkett,snorkettjc@biglobe.ne.jp,Female,141.111.26.214
698,Alfonso,Raye,arayejd@ted.com,Male,125.37.36.73
699,Nicola,Lintill,nlintillje@umn.edu,Male,133.79.253.103
700,Gael,Caso,gcasojf@cnet.com,Female,211.112.217.225
701,Uta,Swadlinge,uswadlingejg@typepad.com,Female,78.233.57.168
702,Louisa,Capener,lcapenerjh@usatoday.com,Female,161.98.28.121
703,Nevin,Haw,nhawji@spotify.com,Male,197.86.203.92
704,Michelina,Rymour,mrymourjj@oaic.gov.au,Female,119.154.50.188
705,Aurelie,Cleave,acleavejk@alexa.com,Female,229.108.241.87
706,Wang,Doughty,wdoughtyjl@marriott.com,Male,207.1.114.203
707,Umeko,Viles,uvilesjm@sciencedaily.com,Female,32.224.88.129
708,Patricia,Haseman,phasemanjn@amazon.de,Female,140.11.83.222
709,Shara,Bettenay,sbettenayjo@goodreads.com,Female,243.56.13.74
710,Hyman,Whittuck,hwhittuckjp@vkontakte.ru,Male,47.216.84.90
711,Ollie,Samples,osamplesjq@wisc.edu,Female,26.230.35.118
712,Raddie,DelaField,rdelafieldjr@sakura.ne.jp,Genderfluid,167.127.81.164
713,Fletch,Facey,ffaceyjs@rambler.ru,Male,73.123.52.130
714,Jsandye,Deeson,jdeesonjt@pbs.org,Female,176.26.131.122
715,Ardyce,Geelan,ageelanju@ted.com,Female,232.183.174.112
716,Christiano,McAneny,cmcanenyjv@angelfire.com,Male,97.78.183.238
717,Gary,Bosse,gbossejw@youku.com,Male,130.11.64.60
718,Raquel,Fines,rfinesjx@sogou.com,Female,13.159.254.10
719,Vassili,Choke,vchokejy@dyndns.org,Genderfluid,29.227.21.130
720,Carce,Clutterbuck,cclutterbuckjz@taobao.com,Male,20.10.124.73
721,Meyer,Pearde,mpeardek0@slashdot.org,Male,151.121.9.96
722,Forrest,Hatherall,fhatherallk1@purevolume.com,Male,35.85.108.217
723,Eugine,Ellen,eellenk2@blogspot.com,Female,124.234.200.33
724,Vitoria,Challenor,vchallenork3@e-recht24.de,Female,35.166.104.238
725,Sandi,Brookes,sbrookesk4@ftc.gov,Female,178.107.222.20
726,Ryun,Gorham,rgorhamk5@woothemes.com,Male,233.6.148.219
727,Vitoria,Krates,vkratesk6@wired.com,Female,100.40.241.219
728,Horatio,Wilstead,hwilsteadk7@deliciousdays.com,Male,125.200.105.67
729,Waite,Drover,wdroverk8@wsj.com,Male,149.113.92.45
730,Rosco,Hodgen,rhodgenk9@columbia.edu,Male,91.166.133.69
731,Trenton,Graver,tgraverka@slate.com,Male,169.139.254.183
732,Jobie,Stitwell,jstitwellkb@examiner.com,Bigender,188.129.5.153
733,Windham,Toderbrugge,wtoderbruggekc@salon.com,Male,70.112.174.6
734,Graehme,Fulun,gfulunkd@ihg.com,Male,123.219.159.70
735,Borg,Broszkiewicz,bbroszkiewiczke@state.tx.us,Bigender,228.119.125.110
736,Lacey,Aimable,laimablekf@google.com,Female,151.135.28.82
737,Kellsie,Leavold,kleavoldkg@stumbleupon.com,Female,245.158.184.45
738,Kari,Meiningen,kmeiningenkh@nbcnews.com,Female,220.170.64.204
739,Adlai,Yokley,ayokleyki@seesaa.net,Male,167.86.46.206
740,Honor,Dunton,hduntonkj@jalbum.net,Female,110.249.244.122
741,Peter,Inkpen,pinkpenkk@blogs.com,Male,65.173.167.9
742,Gerry,Kluss,gklusskl@exblog.jp,Male,50.165.150.2
743,Eran,Yesinin,eyesininkm@technorati.com,Female,144.72.178.70
744,Udall,Beves,ubeveskn@uol.com.br,Agender,253.49.249.130
745,Lauren,Hamm,lhammko@ucoz.ru,Female,176.159.88.241
746,Gwyneth,Posselwhite,gposselwhitekp@taobao.com,Genderqueer,172.37.90.55
747,Morgun,Culp,mculpkq@surveymonkey.com,Male,157.190.121.197
748,Harrison,Downes,hdowneskr@usa.gov,Male,116.183.212.125
749,Urbano,Tidmarsh,utidmarshks@acquirethisname.com,Male,123.198.151.72
750,Dotti,Jupp,djuppkt@csmonitor.com,Genderqueer,21.38.141.196
751,Dorena,Stockman,dstockmanku@nymag.com,Female,49.209.232.105
752,Kirby,Willgoose,kwillgoosekv@naver.com,Male,54.84.201.43
753,Kirsteni,Petasch,kpetaschkw@imgur.com,Female,35.121.89.69
754,Madge,Drinan,mdrinankx@boston.com,Polygender,166.68.225.181
755,Puff,Frape,pfrapeky@blogs.com,Male,163.50.197.161
756,Kenyon,Bimrose,kbimrosekz@cbsnews.com,Male,26.139.125.245
757,Kahlil,Whotton,kwhottonl0@craigslist.org,Male,30.17.53.20
758,Berget,Renforth,brenforthl1@wired.com,Female,64.89.27.116
759,Tawnya,Decroix,tdecroixl2@ft.com,Female,217.243.142.139
760,Raffarty,Romer,rromerl3@springer.com,Male,40.60.148.80
761,Pepito,Martinho,pmartinhol4@last.fm,Male,235.241.234.27
762,Thomasa,Lawee,tlaweel5@fastcompany.com,Female,217.185.67.84
763,Shurwood,Klimek,sklimekl6@slate.com,Male,48.153.67.244
764,Isac,Gresswood,igresswoodl7@lycos.com,Male,111.175.105.48
765,Alfie,Plastow,aplastowl8@opensource.org,Male,137.205.167.224
766,Valera,Ebbles,vebblesl9@google.it,Female,104.155.153.219
767,Marje,Betser,mbetserla@apple.com,Non-binary,111.153.19.11
768,Gretchen,McKnish,gmcknishlb@yandex.ru,Female,131.217.35.179
769,Immanuel,Duckerin,iduckerinlc@vistaprint.com,Male,181.233.99.106
770,Neil,Farlow,nfarlowld@icio.us,Male,34.18.111.37
771,Francis,Topley,ftopleyle@tamu.edu,Male,172.145.241.15
772,Carmelita,Morrott,cmorrottlf@rakuten.co.jp,Female,126.71.200.97
773,Tudor,Casebourne,tcasebournelg@simplemachines.org,Male,42.204.159.207
774,Roth,Warratt,rwarrattlh@cbsnews.com,Male,220.186.191.12
775,Stearne,Dockwray,sdockwrayli@aol.com,Genderfluid,231.27.191.118
776,Ofelia,McCloid,omccloidlj@newsvine.com,Female,168.80.232.175
777,Christie,Gulston,cgulstonlk@hibu.com,Male,118.219.165.84
778,Ossie,McGowing,omcgowingll@digg.com,Agender,87.182.212.123
779,Audi,Adger,aadgerlm@clickbank.net,Female,226.199.181.93
780,Lon,Basilotta,lbasilottaln@altervista.org,Genderqueer,166.224.100.222
781,Coleman,Goddman,cgoddmanlo@google.de,Male,56.109.218.178
782,Roseline,Endacott,rendacottlp@sciencedaily.com,Female,215.43.213.251
783,Arlin,Darwood,adarwoodlq@epa.gov,Male,210.183.242.243
784,Gabbey,Paylie,gpaylielr@businesswire.com,Agender,39.207.44.79
785,Nerissa,Wycherley,nwycherleyls@ucoz.ru,Female,145.110.231.107
786,Beatriz,Barrar,bbarrarlt@tamu.edu,Female,22.224.204.170
787,Selena,Persitt,spersittlu@netvibes.com,Female,116.230.128.243
788,Quincy,Hatcliffe,qhatcliffelv@china.com.cn,Polygender,99.85.199.83
789,Kipper,Swafield,kswafieldlw@bandcamp.com,Male,149.25.26.151
790,Kimberli,Franzonetti,kfranzonettilx@patch.com,Female,217.99.245.206
791,Wanda,Stowgill,wstowgillly@symantec.com,Female,121.96.55.173
792,Antone,Maskelyne,amaskelynelz@cbc.ca,Male,83.41.101.245
793,Darcy,Viccars,dviccarsm0@naver.com,Female,47.63.27.80
794,Rozalin,Balducci,rbalduccim1@vinaora.com,Female,158.234.140.230
795,Doris,Gillies,dgilliesm2@seesaa.net,Polygender,197.106.4.174
796,Farrand,Demangel,fdemangelm3@exblog.jp,Female,57.79.214.127
797,Nicki,Stalman,nstalmanm4@cornell.edu,Female,27.77.115.234
798,Tomaso,Comsty,tcomstym5@skype.com,Male,216.243.6.166
799,Kendra,Cohr,kcohrm6@pbs.org,Female,122.66.70.165
800,Gary,Hunt,ghuntm7@jiathis.com,Male,211.172.242.148
801,Fabien,Saurat,fsauratm8@pbs.org,Male,62.205.6.24
802,Valentijn,Badwick,vbadwickm9@soup.io,Male,68.41.230.191
803,Franklin,Rama,framama@tinyurl.com,Male,180.133.28.128
804,Stu,Ciotti,sciottimb@posterous.com,Male,165.98.62.228
805,Alon,Castanone,acastanonemc@bloglines.com,Male,180.22.23.99
806,Alick,Connerry,aconnerrymd@techcrunch.com,Male,192.214.61.8
807,Amelina,Ryding,arydingme@chron.com,Female,218.159.226.229
808,Anthony,Shewery,ashewerymf@spiegel.de,Male,134.214.145.1
809,Jesselyn,Smittoune,jsmittounemg@twitter.com,Female,189.202.184.35
810,Gipsy,Terney,gterneymh@bloglovin.com,Genderfluid,119.72.149.16
811,Baird,Issacof,bissacofmi@purevolume.com,Male,171.235.133.138
812,Buddy,Collens,bcollensmj@instagram.com,Male,173.118.11.126
813,Sileas,Margaret,smargaretmk@netvibes.com,Female,55.180.241.157
814,Peadar,McGarrell,pmcgarrellml@squidoo.com,Male,117.11.225.41
815,Kylie,Peeters,kpeetersmm@intel.com,Male,35.215.152.107
816,Galven,MacDearmaid,gmacdearmaidmn@arstechnica.com,Male,36.5.225.133
817,Carlynn,Fernando,cfernandomo@usgs.gov,Female,119.114.208.127
818,Nettie,Busfield,nbusfieldmp@who.int,Female,18.148.219.140
819,Ginger,Dudliston,gdudlistonmq@desdev.cn,Female,244.93.19.186
820,Hetty,Bearn,hbearnmr@ameblo.jp,Female,245.157.110.177
821,Wayne,Seignior,wseigniorms@liveinternet.ru,Male,124.106.182.220
822,Pascale,Persitt,ppersittmt@vimeo.com,Male,63.126.122.111
823,Vonnie,Parrish,vparrishmu@desdev.cn,Female,7.223.179.59
824,Susanetta,Sayre,ssayremv@seattletimes.com,Female,221.173.215.150
825,Katha,Vollam,kvollammw@twitter.com,Female,69.227.70.20
826,Sissie,Fardy,sfardymx@samsung.com,Female,70.123.115.44
827,Dido,Renault,drenaultmy@usgs.gov,Female,47.128.46.197
828,Bent,Birchett,bbirchettmz@usa.gov,Male,254.132.182.5
829,Bryn,Fenech,bfenechn0@howstuffworks.com,Male,120.108.189.189
830,Bondie,Frounks,bfrounksn1@macromedia.com,Agender,31.105.148.115
831,Edie,Shrieve,eshrieven2@skyrock.com,Agender,201.89.1.134
832,Adlai,Carpe,acarpen3@ibm.com,Male,127.6.151.146
833,Hilarius,Glancy,hglancyn4@nymag.com,Male,158.12.183.155
834,Giffer,Abrahamowitcz,gabrahamowitczn5@ustream.tv,Male,156.181.25.170
835,Gay,Rawood,grawoodn6@psu.edu,Male,209.194.71.37
836,Finlay,Dunstan,fdunstann7@naver.com,Male,35.205.229.232
837,Wilmer,Cockshtt,wcockshttn8@livejournal.com,Male,38.242.234.118
838,Myrtie,Delion,mdelionn9@seattletimes.com,Female,208.99.132.195
839,Chen,Milmith,cmilmithna@noaa.gov,Male,229.117.253.130
840,Meaghan,Piquard,mpiquardnb@vistaprint.com,Female,11.25.55.230
841,Kerstin,Jacobsson,kjacobssonnc@ifeng.com,Female,51.64.137.191
842,Casey,Baltrushaitis,cbaltrushaitisnd@bandcamp.com,Male,74.107.159.122
843,Hettie,Yoslowitz,hyoslowitzne@answers.com,Female,35.255.169.193
844,Ronny,Burlingame,rburlingamenf@thetimes.co.uk,Female,105.189.101.102
845,Alexandrina,Vila,avilang@techcrunch.com,Female,78.176.23.169
846,Petrina,Jilkes,pjilkesnh@t.co,Female,164.48.251.144
847,Leese,Rabbatts,lrabbattsni@shareasale.com,Polygender,60.33.40.129
848,Marylinda,Saynor,msaynornj@hao123.com,Female,82.104.247.198
849,Titus,Von Oertzen,tvonoertzennk@artisteer.com,Male,132.143.168.71
850,Micky,Naire,mnairenl@rambler.ru,Male,143.187.69.77
851,Dorene,Bladesmith,dbladesmithnm@marketwatch.com,Female,196.187.237.116
852,Fabien,Corington,fcoringtonnn@drupal.org,Male,29.163.131.254
853,Bobby,Fireman,bfiremanno@com.com,Female,8.97.4.183
854,Prinz,Finnigan,pfinnigannp@yandex.ru,Male,168.208.160.104
855,Dill,Rowes,drowesnq@accuweather.com,Male,188.57.174.205
856,Skip,Haycroft,shaycroftnr@addthis.com,Genderqueer,163.244.165.51
857,Jasun,Bauduccio,jbauduccions@netvibes.com,Male,20.183.37.203
858,Lindsey,Chateau,lchateaunt@noaa.gov,Polygender,220.121.170.42
859,Archambault,Finlater,afinlaternu@microsoft.com,Male,81.139.217.169
860,Freedman,Shackle,fshacklenv@example.com,Male,108.240.209.93
861,Kristyn,Treacy,ktreacynw@posterous.com,Female,126.236.75.33
862,Jaquenetta,Wiggam,jwiggamnx@tinyurl.com,Female,64.44.40.209
863,Stearn,Island,sislandny@dailymail.co.uk,Male,70.97.31.135
864,Kylila,Kinvig,kkinvignz@dailymail.co.uk,Female,116.166.32.13
865,Maximo,Dugood,mdugoodo0@thetimes.co.uk,Male,72.242.155.158
866,Foster,Morsom,fmorsomo1@berkeley.edu,Male,241.134.140.41
867,Tiertza,Gurery,tgureryo2@cargocollective.com,Female,151.24.11.154
868,Lothaire,Chad,lchado3@qq.com,Male,164.212.178.8
869,Cull,Surgeoner,csurgeonero4@xrea.com,Polygender,83.71.250.139
870,Lucienne,Robecon,lrobecono5@dmoz.org,Female,121.200.133.91
871,Cyndi,Cattach,ccattacho6@marriott.com,Female,230.201.104.129
872,Francyne,Southby,fsouthbyo7@harvard.edu,Female,75.43.240.151
873,Lyndsey,Crichley,lcrichleyo8@virginia.edu,Female,107.162.102.22
874,Tonie,Bulluck,tbullucko9@uiuc.edu,Female,161.43.12.7
875,Jamey,Masterton,jmastertonoa@google.ca,Polygender,236.135.22.236
876,Sena,Shadfourth,sshadfourthob@techcrunch.com,Female,74.34.33.149
877,Sloan,Kenwright,skenwrightoc@wired.com,Male,47.214.55.242
878,Kessia,Edds,keddsod@xrea.com,Female,246.92.184.9
879,Lesly,O'Mara,lomaraoe@zimbio.com,Polygender,247.237.98.106
880,Rafe,Fereday,rferedayof@pbs.org,Male,215.13.174.237
881,Conan,Buttner,cbuttnerog@apache.org,Male,208.123.171.58
882,Nydia,Plane,nplaneoh@yellowpages.com,Bigender,135.56.192.69
883,Isador,Luckett,iluckettoi@domainmarket.com,Non-binary,190.158.95.42
884,Harald,Sedcole,hsedcoleoj@nbcnews.com,Male,217.226.90.187
885,Jaquelyn,Gavigan,jgaviganok@is.gd,Female,35.25.113.247
886,Natalya,McFarlan,nmcfarlanol@hhs.gov,Female,136.239.123.210
887,Carmen,Wilbud,cwilbudom@weebly.com,Female,21.92.238.98
888,Mick,Mailes,mmaileson@state.tx.us,Male,55.247.128.2
889,Doy,Hilley,dhilleyoo@networkadvertising.org,Male,128.174.83.163
890,Rheba,Crosswaite,rcrosswaiteop@networksolutions.com,Female,107.127.53.134
891,Deb,Suggey,dsuggeyoq@ucla.edu,Female,36.111.229.141
892,Cathie,Bomfield,cbomfieldor@taobao.com,Female,212.89.18.30
893,Lorry,Vamplew,lvamplewos@craigslist.org,Female,120.119.160.181
894,Roscoe,Beevors,rbeevorsot@last.fm,Male,61.200.127.225
895,Jordain,Edwardes,jedwardesou@gov.uk,Female,79.248.170.205
896,Rhoda,Konrad,rkonradov@berkeley.edu,Female,160.127.131.215
897,Sarena,Brough,sbroughow@tuttocitta.it,Bigender,206.15.55.171
898,Kathryn,Kirkpatrick,kkirkpatrickox@vimeo.com,Female,174.217.159.122
899,Goober,Thunder,gthunderoy@goo.gl,Non-binary,104.90.175.131
900,Davie,Slimme,dslimmeoz@tinypic.com,Male,129.116.141.183
901,Nani,Gianelli,ngianellip0@wikia.com,Female,162.214.98.168
902,Yuri,Tremellan,ytremellanp1@taobao.com,Male,85.104.161.254
903,Dannie,Duddle,dduddlep2@cyberchimps.com,Male,122.78.27.252
904,Dale,Lawtie,dlawtiep3@about.com,Non-binary,105.10.76.245
905,Krissie,Andrus,kandrusp4@hexun.com,Female,166.151.198.59
906,Brynn,Blazey,bblazeyp5@nyu.edu,Female,228.75.54.236
907,Hew,Prozescky,hprozesckyp6@about.com,Male,240.74.215.155
908,Kristoffer,Bassindale,kbassindalep7@blogs.com,Male,120.252.207.203
909,Sibeal,Durbann,sdurbannp8@list-manage.com,Female,36.130.102.69
910,Douglass,Ostick,dostickp9@nsw.gov.au,Male,77.99.255.252
911,Ward,Fredi,wfredipa@blogtalkradio.com,Male,103.114.146.212
912,Bethina,Gull,bgullpb@51.la,Female,160.156.69.64
913,Abe,Gates,agatespc@buzzfeed.com,Male,28.21.141.145
914,Andee,O'Hannigan,aohanniganpd@blog.com,Female,9.122.233.185
915,Franciska,Boick,fboickpe@indiegogo.com,Female,135.238.157.32
916,Darryl,Cogswell,dcogswellpf@artisteer.com,Male,213.194.212.86
917,Ellis,Cheeney,echeeneypg@mlb.com,Male,5.16.146.35
918,Vlad,Harrison,vharrisonph@ibm.com,Male,222.144.166.143
919,Christabella,Lightowlers,clightowlerspi@webnode.com,Female,245.224.247.131
920,Ailene,Kilgrew,akilgrewpj@joomla.org,Female,162.31.90.106
921,Gil,Endon,gendonpk@sfgate.com,Male,188.198.157.68
922,Isaiah,Hugnot,ihugnotpl@nps.gov,Male,142.47.20.14
923,Merna,Hallick,mhallickpm@tmall.com,Female,67.175.58.50
924,Aliza,Narramore,anarramorepn@msu.edu,Female,180.162.144.54
925,Hewie,Streeten,hstreetenpo@cbslocal.com,Male,98.104.170.202
926,Nevile,McAnalley,nmcanalleypp@slate.com,Male,116.137.138.252
927,Ezechiel,Diggell,ediggellpq@bandcamp.com,Male,131.90.235.102
928,Porty,Spier,pspierpr@i2i.jp,Male,234.91.207.187
929,Adam,Probets,aprobetsps@prweb.com,Male,41.85.54.66
930,Fin,Milmore,fmilmorept@stanford.edu,Male,148.186.174.213
931,Derril,Dark,ddarkpu@sciencedirect.com,Male,24.238.234.96
932,Hilly,Maxweell,hmaxweellpv@indiatimes.com,Male,38.89.24.151
933,Berrie,Poxson,bpoxsonpw@vimeo.com,Female,223.20.141.184
934,Harriette,Paylie,hpayliepx@networksolutions.com,Female,121.127.55.178
935,Lianne,Grigorescu,lgrigorescupy@wikispaces.com,Female,87.192.72.109
936,Leanna,Cockayne,lcockaynepz@indiatimes.com,Non-binary,101.28.255.7
937,Tudor,Hagwood,thagwoodq0@photobucket.com,Male,12.149.2.109
938,Madelene,Collens,mcollensq1@dailymail.co.uk,Female,98.186.88.232
939,Lyssa,Ruggiero,lruggieroq2@miitbeian.gov.cn,Female,188.232.188.13
940,Maxy,Silson,msilsonq3@nature.com,Female,137.177.47.82
941,Alika,Tharme,atharmeq4@free.fr,Female,65.9.143.181
942,Reinhard,Doyley,rdoyleyq5@networksolutions.com,Male,202.200.18.121
943,Garnette,O'Looney,golooneyq6@pen.io,Female,55.136.119.19
944,Lisabeth,Tonry,ltonryq7@google.fr,Female,4.254.158.116
945,Shirleen,Culmer,sculmerq8@virginia.edu,Female,150.199.224.204
946,Nicolis,Inglesfield,ninglesfieldq9@msu.edu,Male,40.181.38.163
947,Josefa,Turpie,jturpieqa@prnewswire.com,Female,218.46.123.249
948,May,Adamou,madamouqb@mozilla.org,Female,65.90.74.215
949,Halley,O'Nions,honionsqc@hao123.com,Female,89.164.157.176
950,Enrique,Simone,esimoneqd@amazon.co.uk,Male,203.56.69.196
951,Hymie,Kennard,hkennardqe@wix.com,Male,204.89.93.225
952,Granville,Snow,gsnowqf@mozilla.com,Bigender,85.53.62.77
953,Charleen,Doggerell,cdoggerellqg@telegraph.co.uk,Genderfluid,192.134.158.188
954,Winna,Skea,wskeaqh@blogspot.com,Non-binary,18.89.201.129
955,Gregory,Sulland,gsullandqi@intel.com,Male,250.202.225.86
956,Osbert,Hefferan,ohefferanqj@liveinternet.ru,Male,124.246.34.154
957,Maurine,Burdass,mburdassqk@japanpost.jp,Female,137.225.242.55
958,Norton,Blanchette,nblanchetteql@samsung.com,Male,231.21.142.79
959,Emmit,Pulley,epulleyqm@cdc.gov,Male,37.155.42.208
960,Salem,Benger,sbengerqn@cbc.ca,Male,203.105.177.20
961,Shina,Quilliam,squilliamqo@github.com,Female,136.122.116.174
962,Veronique,De Mattia,vdemattiaqp@ucoz.ru,Female,7.247.58.48
963,Emory,Comberbach,ecomberbachqq@ftc.gov,Male,172.144.97.194
964,Boyce,Acreman,bacremanqr@wordpress.com,Male,177.7.187.161
965,Georas,Romi,gromiqs@paypal.com,Male,108.181.22.193
966,Reena,Dullard,rdullardqt@privacy.gov.au,Female,5.85.242.185
967,Leese,Brittan,lbrittanqu@sourceforge.net,Female,34.136.45.216
968,Darcee,Scamal,dscamalqv@unblog.fr,Genderfluid,71.202.227.144
969,Bob,Dunning,bdunningqw@ovh.net,Male,188.127.189.215
970,Alyss,Quant,aquantqx@boston.com,Genderqueer,232.68.11.130
971,Crissy,Gandley,cgandleyqy@upenn.edu,Female,170.77.13.103
972,Maurie,Furzer,mfurzerqz@sun.com,Male,33.224.254.4
973,Cherise,Wrotham,cwrothamr0@usa.gov,Female,176.69.15.231
974,Merlina,Mussared,mmussaredr1@blogspot.com,Female,59.33.228.153
975,Almeria,Senussi,asenussir2@elpais.com,Female,21.193.40.83
976,Gail,Ilyinykh,gilyinykhr3@ning.com,Male,237.101.70.124
977,Quintus,Mastrantone,qmastrantoner4@stumbleupon.com,Genderqueer,191.10.28.242
978,Nerissa,Tithecott,ntithecottr5@surveymonkey.com,Female,133.90.215.176
979,Carin,Napier,cnapierr6@ehow.com,Female,166.31.222.146
980,Ignace,Paynes,ipaynesr7@com.com,Male,153.212.196.90
981,Dame,Coatsworth,dcoatsworthr8@dyndns.org,Male,35.66.249.235
982,Lane,Chasemore,lchasemorer9@soundcloud.com,Female,135.157.207.24
983,Flo,Monument,fmonumentra@seattletimes.com,Female,140.65.240.182
984,Cary,Matuszyk,cmatuszykrb@slideshare.net,Genderqueer,234.237.91.127
985,Kissiah,Brennan,kbrennanrc@nasa.gov,Female,15.54.157.153
986,Cecilia,Gorges,cgorgesrd@simplemachines.org,Female,39.145.243.142
987,Latia,Font,lfontre@technorati.com,Female,15.39.198.94
988,Kipp,Kubica,kkubicarf@prweb.com,Genderfluid,153.164.11.52
989,Dulsea,Kubec,dkubecrg@princeton.edu,Genderfluid,108.219.244.53
990,Tiffy,Baldelli,tbaldellirh@weather.com,Female,249.164.245.73
991,Scottie,Petric,spetricri@time.com,Male,134.199.103.124
992,Rosette,Trahair,rtrahairrj@dell.com,Female,17.21.79.76
993,Zebadiah,Byne,zbynerk@cbsnews.com,Male,68.83.161.85
994,Hilde,McSporon,hmcsporonrl@nifty.com,Female,241.145.14.140
995,Chickie,Ventris,cventrisrm@nbcnews.com,Female,150.235.238.153
996,Pippy,Knoton,pknotonrn@sphinn.com,Female,145.100.61.32
997,Dennison,Wilshin,dwilshinro@prlog.org,Male,191.9.70.233
998,Munmro,Ralton,mraltonrp@ihg.com,Male,109.101.52.99
999,Tani,Legion,tlegionrq@istockphoto.com,Female,102.20.133.188
1000,Josiah,Rippin,jrippinrr@wp.com,Male,129.191.234.154
